{"category_accuracy": [0.9679499864578247, 1.0, 1.0, 1.0, 1.0], "category_loss": [0.14059005677700043, 0.0031109326519072056, 0.0017574649536982179, 0.0012146781664341688, 0.0009116855799220502], "loss": [2.4885458946228027, 2.3256466388702393, 2.320272445678711, 2.3165535926818848, 2.314903974533081], "priority_accuracy": [0.37994998693466187, 0.3955000042915344, 0.3996250033378601, 0.40012499690055847, 0.4009000062942505], "priority_loss": [1.3039034605026245, 1.289500117301941, 1.2863582372665405, 1.2848807573318481, 1.2845958471298218], "sentiment_accuracy": [0.4933750033378601, 0.5009499788284302, 0.5019000172615051, 0.5018749833106995, 0.5018749833106995], "sentiment_loss": [1.0440541505813599, 1.0330368280410767, 1.0321558713912964, 1.0304573774337769, 1.0293961763381958], "val_category_accuracy": [1.0, 1.0, 1.0, 1.0, 1.0], "val_category_loss": [0.002584968926385045, 0.0007982409442774951, 0.0006091377581469715, 0.00017123833822552115, 0.00017781485803425312], "val_loss": [2.3186707496643066, 2.3179709911346436, 2.3161771297454834, 2.3179824352264404, 2.3132948875427246], "val_priority_accuracy": [0.4043999910354614, 0.4043999910354614, 0.4043999910354614, 0.4043999910354614, 0.4043999910354614], "val_priority_loss": [1.2807306051254272, 1.2783948183059692, 1.2793607711791992, 1.2799946069717407, 1.2779146432876587], "val_sentiment_accuracy": [0.4941999912261963, 0.4941999912261963, 0.4941999912261963, 0.4941999912261963, 0.4941999912261963], "val_sentiment_loss": [1.0369682312011719, 1.0398833751678467, 1.0369809865951538, 1.038828730583191, 1.0371787548065186]}