{"category_f1_macro": 1.0, "priority_f1_macro": 0.1420389461626575, "sentiment_f1_macro": 0.21929942289625556}