{"category_accuracy": [0.9609249830245972, 1.0, 1.0, 1.0, 1.0], "category_loss": [0.1465076357126236, 0.0034175915643572807, 0.001772044226527214, 0.001156963175162673, 0.000844832684379071], "loss": [2.4973065853118896, 2.3276965618133545, 2.319845676422119, 2.3166606426239014, 2.3147809505462646], "priority_accuracy": [0.38225001096725464, 0.3946250081062317, 0.39842501282691956, 0.40107500553131104, 0.40095001459121704], "priority_loss": [1.3035609722137451, 1.2896857261657715, 1.286813497543335, 1.2848541736602783, 1.2839255332946777], "sentiment_accuracy": [0.49015000462532043, 0.5009250044822693, 0.5019999742507935, 0.5018749833106995, 0.5018749833106995], "sentiment_loss": [1.0472385883331299, 1.0345929861068726, 1.0312583446502686, 1.0306495428085327, 1.030009150505066], "val_category_accuracy": [1.0, 1.0, 1.0, 1.0, 1.0], "val_category_loss": [0.002689547836780548, 0.001576227368786931, 0.0005260031903162599, 0.00040207162965089083, 0.00018880859715864062], "val_loss": [2.321579933166504, 2.318324089050293, 2.3140363693237305, 2.3150291442871094, 2.314526081085205], "val_priority_accuracy": [0.4043999910354614, 0.4043999910354614, 0.4043999910354614, 0.4043999910354614, 0.4043999910354614], "val_priority_loss": [1.2824293375015259, 1.279822826385498, 1.2774269580841064, 1.278820514678955, 1.2780284881591797], "val_sentiment_accuracy": [0.4941999912261963, 0.4941999912261963, 0.4941999912261963, 0.4941999912261963, 0.4941999912261963], "val_sentiment_loss": [1.037923812866211, 1.037738561630249, 1.0375338792800903, 1.0371780395507812, 1.037959337234497]}